Source,Target,Weight
0,2,9
0,15,4
0,23,2
0,27,1
0,30,1
0,31,6
0,33,1
0,38,2
0,44,1
0,45,1
0,47,1
0,49,11
0,53,8
0,55,1
0,59,1
0,67,1
0,68,2
0,71,6
0,72,3
0,75,1
0,78,1
0,82,1
0,84,1
0,87,1
0,88,1
0,90,1
0,91,1
0,92,1
0,93,1
0,96,1
0,98,1
0,100,1
0,101,1
0,103,1
0,104,1
0,106,1
0,113,2
0,114,2
0,124,2
0,135,1
0,136,2
0,142,1
0,164,1
0,171,1
0,172,1
0,190,1
0,196,2
0,198,1
0,199,1
0,200,1
0,204,1
0,205,1
0,206,1
0,209,1
0,214,1
0,215,1
0,216,1
0,217,1
0,218,1
0,219,1
0,220,1
0,221,1
0,222,1
0,223,1
0,224,4
0,230,1
0,269,2
0,285,1
0,328,1
0,329,1
0,330,1
0,331,1
1,6,1
2,3,11
2,7,3
2,8,3
2,9,3
2,11,1
2,12,3
2,13,1
2,15,27
2,16,6
2,18,1
2,21,1
2,23,5
2,24,1
2,28,2
2,29,1
2,31,37
2,34,1
2,36,6
2,39,1
2,44,1
2,46,1
2,48,1
2,49,3
2,51,1
2,53,9
2,55,7
2,59,10
2,60,1
2,68,2
2,71,1
2,72,8
2,74,1
2,76,1
2,82,1
2,89,1
2,99,4
2,101,1
2,124,5
2,127,1
2,136,11
2,171,4
2,207,1
2,215,3
2,218,1
2,219,1
2,220,1
2,221,1
2,222,1
2,223,1
2,230,1
2,261,2
2,269,1
2,286,1
2,294,1
2,328,1
2,329,1
2,330,1
2,331,1
3,8,5
3,9,1
3,12,2
3,15,10
3,16,55
3,18,1
3,23,4
3,24,4
3,26,1
3,28,1
3,29,1
3,31,4
3,39,1
3,44,1
3,48,1
3,49,2
3,53,3
3,55,7
3,58,1
3,59,95
3,60,1
3,68,1
3,72,80
3,76,1
3,77,1
3,80,1
3,81,1
3,99,3
3,100,1
3,102,1
3,113,1
3,114,1
3,127,1
3,136,89
3,169,1
3,172,1
3,201,1
3,207,2
3,269,4
4,5,3
4,6,3
4,7,1
4,17,1
4,19,3
5,6,4
5,17,2
5,19,3
6,7,1
6,17,2
6,19,3
6,55,1
7,55,1
7,95,1
8,9,1
8,15,4
8,16,2
8,24,1
8,31,3
8,36,1
8,37,1
8,49,5
8,51,1
8,53,2
8,55,3
8,59,3
8,60,1
8,72,3
8,99,1
8,136,3
8,215,2
9,16,1
9,28,1
9,31,2
9,36,1
9,49,1
9,51,1
9,53,1
9,55,1
9,68,1
9,89,1
9,124,1
9,171,1
9,191,1
11,15,1
12,15,5
12,24,12
12,26,1
12,29,1
12,31,17
12,34,1
12,36,1
12,38,2
12,39,7
12,44,1
12,49,4
12,53,7
12,55,1
12,59,1
12,68,4
12,78,5
12,85,2
12,86,2
12,99,1
12,102,1
12,124,16
12,136,1
12,165,1
12,171,16
12,172,2
12,207,2
13,20,1
13,21,1
13,22,1
13,44,1
13,51,1
13,57,1
13,59,1
13,63,1
13,68,1
13,72,3
13,102,1
13,139,1
13,171,1
13,214,1
13,272,2
15,16,2
15,23,2
15,24,5
15,26,1
15,29,5
15,30,1
15,31,18
15,34,1
15,37,1
15,39,1
15,43,1
15,44,4
15,49,4
15,53,13
15,55,3
15,59,10
15,60,3
15,68,1
15,71,2
15,72,7
15,74,1
15,87,1
15,99,13
15,101,1
15,102,1
15,124,4
15,136,8
15,165,1
15,171,2
15,172,2
15,201,1
15,207,4
15,215,4
15,228,1
15,261,1
15,272,1
15,286,2
16,18,1
16,23,2
16,24,1
16,28,2
16,31,3
16,48,1
16,53,1
16,55,3
16,59,58
16,68,1
16,72,44
16,98,1
16,99,1
16,100,1
16,101,1
16,124,1
16,136,58
16,169,1
16,190,1
16,262,1
16,269,4
17,19,2
18,23,1
18,28,1
18,48,1
20,21,2
20,22,1
20,51,1
20,57,1
20,63,1
20,102,1
20,139,1
20,171,1
20,214,1
21,22,1
21,23,1
21,51,1
21,57,1
21,63,1
21,102,1
21,139,1
21,171,1
21,214,1
22,51,1
22,57,1
22,63,1
22,102,1
22,139,1
22,171,1
22,214,1
23,24,1
23,27,1
23,28,1
23,30,1
23,31,3
23,33,1
23,44,1
23,47,1
23,48,1
23,49,1
23,67,1
23,68,3
23,72,1
23,80,1
23,81,1
23,84,1
23,87,1
23,88,1
23,90,1
23,91,1
23,92,1
23,93,1
23,96,1
23,98,1
23,99,3
23,101,1
23,103,1
23,104,1
23,106,1
23,113,2
23,114,2
23,124,1
23,127,1
23,135,1
23,136,1
23,142,1
23,171,1
23,190,1
23,196,1
23,198,1
23,199,1
23,200,1
23,204,1
23,205,1
23,206,1
23,209,1
23,214,1
23,217,1
23,269,1
23,285,1
24,29,4
24,31,2
24,34,1
24,36,1
24,37,1
24,38,1
24,39,2
24,42,1
24,44,1
24,49,3
24,53,4
24,55,3
24,59,2
24,60,1
24,68,4
24,72,1
24,76,1
24,78,5
24,85,1
24,86,1
24,99,2
24,102,1
24,136,3
24,164,2
24,172,2
24,179,1
24,191,1
24,215,1
24,254,7
24,292,1
25,26,1
25,38,1
25,40,1
25,82,1
25,95,1
25,172,1
25,197,1
25,266,1
26,29,1
26,31,1
26,38,1
26,40,1
26,53,1
26,59,1
26,75,3
26,82,1
26,95,1
26,99,1
26,136,1
26,172,2
26,197,1
26,207,1
26,266,1
27,30,1
27,31,2
27,33,1
27,47,1
27,49,1
27,67,1
27,72,1
27,84,1
27,87,1
27,88,1
27,90,1
27,91,1
27,92,1
27,93,1
27,96,1
27,98,1
27,101,1
27,103,1
27,104,1
27,106,1
27,113,1
27,114,1
27,124,1
27,135,1
27,136,1
27,142,1
27,171,1
27,190,1
27,196,1
27,198,1
27,199,1
27,200,1
27,204,1
27,205,1
27,206,1
27,209,1
27,214,1
27,217,1
27,269,1
27,285,1
28,31,1
28,48,1
28,49,1
28,53,1
28,55,2
28,272,1
29,49,2
29,53,6
29,56,1
29,59,1
29,99,15
29,136,1
29,172,1
29,207,1
29,215,8
29,250,1
30,31,1
30,33,1
30,43,1
30,47,1
30,49,1
30,50,1
30,67,1
30,72,1
30,84,1
30,87,1
30,88,1
30,90,1
30,91,1
30,92,1
30,93,1
30,96,1
30,98,1
30,99,1
30,101,1
30,103,1
30,104,1
30,106,1
30,113,1
30,114,1
30,124,1
30,135,1
30,136,1
30,142,1
30,171,1
30,190,1
30,196,1
30,198,1
30,199,1
30,200,1
30,204,1
30,205,1
30,206,1
30,209,1
30,214,1
30,217,1
30,269,1
30,285,1
31,33,1
31,34,2
31,36,1
31,39,3
31,42,2
31,47,1
31,49,7
31,53,5
31,55,11
31,59,8
31,60,4
31,67,1
31,68,9
31,69,1
31,72,5
31,74,1
31,76,2
31,84,1
31,87,1
31,88,1
31,90,1
31,91,1
31,92,1
31,93,2
31,95,2
31,96,1
31,97,1
31,98,1
31,99,4
31,100,1
31,101,3
31,102,2
31,103,3
31,104,1
31,106,1
31,113,3
31,114,5
31,117,1
31,118,1
31,120,1
31,121,1
31,122,1
31,123,1
31,124,29
31,125,1
31,135,1
31,136,7
31,142,1
31,163,1
31,171,20
31,172,5
31,179,1
31,190,2
31,196,1
31,198,2
31,199,1
31,200,1
31,201,1
31,204,1
31,205,1
31,206,1
31,207,1
31,209,2
31,211,1
31,212,1
31,213,1
31,214,1
31,215,1
31,217,1
31,253,2
31,254,1
31,261,1
31,269,1
31,272,2
31,281,1
31,285,1
31,292,1
31,294,2
31,296,3
31,298,1
31,302,2
31,303,1
31,334,2
33,47,1
33,49,1
33,67,1
33,72,1
33,84,1
33,87,1
33,88,1
33,90,1
33,91,1
33,92,1
33,93,1
33,96,1
33,98,1
33,101,1
33,103,1
33,104,1
33,106,1
33,113,1
33,114,1
33,124,1
33,135,1
33,136,1
33,142,1
33,171,1
33,190,1
33,196,1
33,198,1
33,199,1
33,200,1
33,204,1
33,205,1
33,206,1
33,209,1
33,214,1
33,217,1
33,269,1
33,285,1
34,39,1
34,49,1
34,53,1
34,95,7
34,105,8
36,51,1
36,53,8
36,68,7
36,89,1
36,124,1
36,171,1
36,172,3
36,292,1
37,49,1
37,53,1
37,60,1
37,99,1
37,215,1
38,40,1
38,69,1
38,75,2
38,78,6
38,82,1
38,85,1
38,86,1
38,95,1
38,164,4
38,172,1
38,196,1
38,197,1
38,266,1
39,42,3
39,49,4
39,53,4
39,55,1
39,68,2
39,69,1
39,77,6
39,81,6
39,172,2
39,198,8
39,209,7
39,214,6
39,217,6
40,82,1
40,95,1
40,172,1
40,197,1
40,266,1
41,42,3
41,72,1
42,68,3
42,69,3
42,198,1
44,51,1
44,53,1
44,64,1
44,68,1
44,69,1
44,71,2
44,99,2
44,102,1
44,165,1
44,262,2
44,299,1
45,66,1
47,49,1
47,67,1
47,72,1
47,84,1
47,87,1
47,88,1
47,90,1
47,91,1
47,92,1
47,93,1
47,96,1
47,98,1
47,101,1
47,103,1
47,104,1
47,106,1
47,113,1
47,114,1
47,124,1
47,135,1
47,136,1
47,142,1
47,171,1
47,190,1
47,196,1
47,198,1
47,199,1
47,200,1
47,204,1
47,205,1
47,206,1
47,209,1
47,214,1
47,217,1
47,269,1
47,285,1
49,53,15
49,55,1
49,59,2
49,60,1
49,67,1
49,72,2
49,84,1
49,87,1
49,88,1
49,90,1
49,91,1
49,92,1
49,93,1
49,96,1
49,98,1
49,99,6
49,101,2
49,103,1
49,104,1
49,106,1
49,113,1
49,114,1
49,117,1
49,118,1
49,120,1
49,121,1
49,122,1
49,123,1
49,124,1
49,125,1
49,135,1
49,136,1
49,142,1
49,171,1
49,190,2
49,196,1
49,198,1
49,199,1
49,200,1
49,204,1
49,205,1
49,206,1
49,209,1
49,214,1
49,215,2
49,217,1
49,224,4
49,269,1
49,272,1
49,285,1
50,94,2
50,99,1
50,262,3
51,53,1
51,57,1
51,63,1
51,102,1
51,139,1
51,171,1
51,214,1
53,55,3
53,59,5
53,60,1
53,68,21
53,71,3
53,72,2
53,74,1
53,89,1
53,96,1
53,99,12
53,103,1
53,124,2
53,135,1
53,136,3
53,171,1
53,172,5
53,190,1
53,201,1
53,207,5
53,215,9
53,224,5
53,254,2
53,286,1
53,294,1
53,296,1
55,59,5
55,68,1
55,72,3
55,95,1
55,99,1
55,100,1
55,136,7
55,138,5
55,140,5
55,201,1
55,207,1
55,215,1
55,261,1
56,250,1
57,63,1
57,102,1
57,139,1
57,171,1
57,214,1
58,59,1
59,60,1
59,72,86
59,74,1
59,80,1
59,82,2
59,99,3
59,100,1
59,136,94
59,169,1
59,172,1
59,207,2
59,218,1
59,219,1
59,220,1
59,221,1
59,222,1
59,223,1
59,230,1
59,269,4
59,328,1
59,329,1
59,330,1
59,331,1
60,72,1
60,97,1
60,99,1
60,136,1
60,215,1
60,224,1
63,102,1
63,139,1
63,171,1
63,214,1
64,69,1
65,74,1
67,72,1
67,84,1
67,87,1
67,88,1
67,90,1
67,91,1
67,92,1
67,93,1
67,96,1
67,98,1
67,101,1
67,103,1
67,104,1
67,106,1
67,113,1
67,114,1
67,124,1
67,135,1
67,136,1
67,142,1
67,171,1
67,190,1
67,196,1
67,198,1
67,199,1
67,200,1
67,204,1
67,205,1
67,206,1
67,209,1
67,214,1
67,217,1
67,269,1
67,285,1
68,69,1
68,99,2
68,100,1
68,127,1
68,172,13
68,191,1
68,198,1
68,215,1
68,253,1
69,71,1
69,198,1
70,145,1
70,146,2
71,172,1
71,224,1
72,82,1
72,84,1
72,87,1
72,88,1
72,90,1
72,91,1
72,92,1
72,93,1
72,96,1
72,98,1
72,99,2
72,100,1
72,101,1
72,103,1
72,104,1
72,106,1
72,113,1
72,114,1
72,124,1
72,135,1
72,136,86
72,142,1
72,171,1
72,190,1
72,196,1
72,198,1
72,199,1
72,200,1
72,204,1
72,205,1
72,206,1
72,207,1
72,209,1
72,214,1
72,217,1
72,218,1
72,219,1
72,220,1
72,221,1
72,222,1
72,223,1
72,230,1
72,269,7
72,285,1
72,328,1
72,329,1
72,330,1
72,331,1
74,99,1
75,78,1
75,164,1
76,102,1
76,136,1
77,81,5
77,87,1
77,198,4
77,209,4
77,214,4
77,217,4
78,85,1
78,86,1
78,164,5
80,113,1
80,114,1
81,198,4
81,209,4
81,214,4
81,217,4
82,95,1
82,136,1
82,172,1
82,197,1
82,218,1
82,219,1
82,220,1
82,221,1
82,222,1
82,223,1
82,230,1
82,266,1
82,269,1
82,328,1
82,329,1
82,330,1
82,331,1
84,87,1
84,88,1
84,90,1
84,91,1
84,92,1
84,93,1
84,96,1
84,98,1
84,101,1
84,103,2
84,104,1
84,106,1
84,113,1
84,114,1
84,124,1
84,135,1
84,136,1
84,142,1
84,171,1
84,190,1
84,196,1
84,198,1
84,199,1
84,200,1
84,204,1
84,205,1
84,206,1
84,209,1
84,214,1
84,217,1
84,269,1
84,285,1
85,86,2
87,88,1
87,90,1
87,91,1
87,92,1
87,93,1
87,96,1
87,98,1
87,101,1
87,103,1
87,104,1
87,106,1
87,113,1
87,114,1
87,124,1
87,135,1
87,136,1
87,142,1
87,171,1
87,190,1
87,196,1
87,198,1
87,199,1
87,200,1
87,204,1
87,205,1
87,206,1
87,209,1
87,214,1
87,217,1
87,269,1
87,285,1
88,90,1
88,91,1
88,92,1
88,93,1
88,96,1
88,98,1
88,101,1
88,103,1
88,104,1
88,106,1
88,113,1
88,114,1
88,124,1
88,135,1
88,136,1
88,142,1
88,171,1
88,190,1
88,196,1
88,198,1
88,199,1
88,200,1
88,204,1
88,205,1
88,206,1
88,209,1
88,214,1
88,217,1
88,269,1
88,285,1
90,91,1
90,92,1
90,93,1
90,96,1
90,98,1
90,101,1
90,103,1
90,104,1
90,106,1
90,113,1
90,114,1
90,124,1
90,135,1
90,136,1
90,142,1
90,171,1
90,190,1
90,196,1
90,198,1
90,199,1
90,200,1
90,201,1
90,204,1
90,205,1
90,206,1
90,209,1
90,214,1
90,217,1
90,269,1
90,285,1
91,92,1
91,93,1
91,96,1
91,98,1
91,101,1
91,103,1
91,104,1
91,106,1
91,113,1
91,114,1
91,124,1
91,135,1
91,136,1
91,142,1
91,171,1
91,190,1
91,196,1
91,198,1
91,199,1
91,200,1
91,204,1
91,205,1
91,206,1
91,209,1
91,214,1
91,217,1
91,269,1
91,285,1
92,93,1
92,96,1
92,98,1
92,101,1
92,103,1
92,104,1
92,106,1
92,113,1
92,114,1
92,124,1
92,135,1
92,136,1
92,142,1
92,171,1
92,190,1
92,196,1
92,198,1
92,199,1
92,200,1
92,204,1
92,205,1
92,206,1
92,209,1
92,214,1
92,217,1
92,269,1
92,285,1
93,96,1
93,98,1
93,101,1
93,103,1
93,104,1
93,106,1
93,113,1
93,114,1
93,124,1
93,135,1
93,136,1
93,142,1
93,171,1
93,190,1
93,196,1
93,198,1
93,199,1
93,200,1
93,204,1
93,205,1
93,206,1
93,209,1
93,214,1
93,217,1
93,269,1
93,285,1
93,296,1
94,262,2
95,105,3
95,172,1
95,197,1
95,266,1
96,98,1
96,101,1
96,103,2
96,104,1
96,106,1
96,113,1
96,114,1
96,124,1
96,135,2
96,136,1
96,142,1
96,171,1
96,190,1
96,196,1
96,198,1
96,199,1
96,200,1
96,204,1
96,205,1
96,206,1
96,209,1
96,214,1
96,217,1
96,269,1
96,285,1
96,294,1
98,101,2
98,103,1
98,104,1
98,106,1
98,113,1
98,114,1
98,124,2
98,135,1
98,136,2
98,142,1
98,171,1
98,190,2
98,196,1
98,198,1
98,199,1
98,200,1
98,204,1
98,205,1
98,206,1
98,209,1
98,214,1
98,217,1
98,262,1
98,269,1
98,285,1
99,103,1
99,127,1
99,136,3
99,172,2
99,201,1
99,207,4
99,214,1
99,215,11
99,262,2
99,294,2
100,136,1
100,215,1
101,103,1
101,104,1
101,106,1
101,113,1
101,114,1
101,117,1
101,118,1
101,120,1
101,121,1
101,122,1
101,123,1
101,124,2
101,125,1
101,135,1
101,136,2
101,142,1
101,171,1
101,190,3
101,196,1
101,198,1
101,199,1
101,200,1
101,204,1
101,205,1
101,206,1
101,209,1
101,214,1
101,217,1
101,262,1
101,269,1
101,285,1
102,127,4
102,136,1
102,139,1
102,141,1
102,144,1
102,165,1
102,171,1
102,214,1
102,294,1
103,104,1
103,106,1
103,113,1
103,114,1
103,124,1
103,135,2
103,136,1
103,142,1
103,171,1
103,190,1
103,196,1
103,198,1
103,199,1
103,200,1
103,204,1
103,205,1
103,206,1
103,209,1
103,214,1
103,217,1
103,269,1
103,285,1
103,294,1
104,106,1
104,113,1
104,114,1
104,124,1
104,135,1
104,136,1
104,142,1
104,171,1
104,190,1
104,196,1
104,198,1
104,199,1
104,200,1
104,204,1
104,205,1
104,206,1
104,209,1
104,214,1
104,217,1
104,269,1
104,285,1
106,113,1
106,114,1
106,124,1
106,135,1
106,136,1
106,142,1
106,171,1
106,190,1
106,196,1
106,198,1
106,199,1
106,200,1
106,204,1
106,205,1
106,206,1
106,209,1
106,214,1
106,217,1
106,269,1
106,285,1
107,108,1
107,109,1
107,110,1
107,111,1
107,112,1
107,115,1
107,116,1
108,109,1
108,110,1
108,111,1
108,112,1
108,115,1
108,116,1
109,110,1
109,111,1
109,112,1
109,115,1
109,116,1
110,111,1
110,112,1
110,115,1
110,116,1
111,112,1
111,115,1
111,116,1
112,115,1
112,116,1
113,114,3
113,124,1
113,135,1
113,136,1
113,142,1
113,171,1
113,190,1
113,196,1
113,198,1
113,199,1
113,200,1
113,204,1
113,205,1
113,206,1
113,209,1
113,214,1
113,217,1
113,269,1
113,285,1
114,124,1
114,135,1
114,136,1
114,142,1
114,171,1
114,190,1
114,196,1
114,198,1
114,199,1
114,200,1
114,204,1
114,205,1
114,206,1
114,209,1
114,214,1
114,217,1
114,269,1
114,285,1
114,303,1
115,116,1
117,118,1
117,120,1
117,121,1
117,122,1
117,123,1
117,125,1
117,190,1
118,120,1
118,121,1
118,122,1
118,123,1
118,125,1
118,190,1
120,121,1
120,122,1
120,123,1
120,125,1
120,190,1
121,122,1
121,123,1
121,125,1
121,190,1
122,123,1
122,125,1
122,190,1
123,125,1
123,127,1
123,190,1
124,135,1
124,136,2
124,142,1
124,171,23
124,190,2
124,196,1
124,198,1
124,199,1
124,200,1
124,204,1
124,205,1
124,206,1
124,207,1
124,209,1
124,214,1
124,217,1
124,262,1
124,269,1
124,285,1
125,190,1
127,141,1
128,129,1
128,130,1
128,131,1
128,132,1
128,133,1
128,134,1
128,147,1
128,148,1
128,149,1
128,150,1
128,151,1
128,152,1
128,154,1
128,155,1
128,156,1
128,157,1
128,158,1
128,159,1
128,160,1
128,161,1
128,162,1
128,173,1
128,174,1
128,176,1
128,177,1
128,178,1
128,180,1
128,181,1
128,182,1
128,183,1
128,184,1
128,185,1
128,186,1
128,187,1
128,188,1
128,189,1
129,130,1
129,131,1
129,132,1
129,133,1
129,134,1
129,147,1
129,148,1
129,149,1
129,150,1
129,151,1
129,152,1
129,154,1
129,155,1
129,156,1
129,157,1
129,158,1
129,159,1
129,160,1
129,161,1
129,162,1
129,173,1
129,174,1
129,176,1
129,177,1
129,178,1
129,180,1
129,181,1
129,182,1
129,183,1
129,184,1
129,185,1
129,186,1
129,187,1
129,188,1
129,189,1
130,131,1
130,132,1
130,133,1
130,134,1
130,147,1
130,148,1
130,149,1
130,150,1
130,151,1
130,152,1
130,154,1
130,155,1
130,156,1
130,157,1
130,158,1
130,159,1
130,160,1
130,161,1
130,162,1
130,173,1
130,174,1
130,176,1
130,177,1
130,178,1
130,180,1
130,181,1
130,182,1
130,183,1
130,184,1
130,185,1
130,186,1
130,187,1
130,188,1
130,189,1
131,132,1
131,133,1
131,134,1
131,147,1
131,148,1
131,149,1
131,150,1
131,151,1
131,152,1
131,154,1
131,155,1
131,156,1
131,157,1
131,158,1
131,159,1
131,160,1
131,161,1
131,162,1
131,173,1
131,174,1
131,176,1
131,177,1
131,178,1
131,180,1
131,181,1
131,182,1
131,183,1
131,184,1
131,185,1
131,186,1
131,187,1
131,188,1
131,189,1
131,231,1
131,232,1
131,233,1
131,234,1
131,235,1
131,236,1
131,237,1
131,238,1
131,239,1
131,240,1
131,241,1
131,242,1
131,243,1
131,244,1
131,245,1
131,246,1
131,247,1
131,248,1
131,249,1
132,133,1
132,134,1
132,147,1
132,148,1
132,149,1
132,150,1
132,151,1
132,152,1
132,154,1
132,155,1
132,156,1
132,157,1
132,158,1
132,159,1
132,160,1
132,161,1
132,162,1
132,173,1
132,174,1
132,176,1
132,177,1
132,178,1
132,180,1
132,181,1
132,182,1
132,183,1
132,184,1
132,185,1
132,186,1
132,187,1
132,188,1
132,189,1
133,134,2
133,147,2
133,148,2
133,149,2
133,150,2
133,151,2
133,152,2
133,154,2
133,155,2
133,156,2
133,157,2
133,158,2
133,159,2
133,160,2
133,161,2
133,162,2
133,173,2
133,174,2
133,176,2
133,177,2
133,178,2
133,180,2
133,181,2
133,182,2
133,183,2
133,184,2
133,185,2
133,186,2
133,187,2
133,188,2
133,189,2
134,147,1
134,148,1
134,149,1
134,150,1
134,151,1
134,152,1
134,154,1
134,155,1
134,156,1
134,157,1
134,158,1
134,159,1
134,160,1
134,161,1
134,162,1
134,173,1
134,174,1
134,176,1
134,177,1
134,178,1
134,180,1
134,181,1
134,182,1
134,183,1
134,184,1
134,185,1
134,186,1
134,187,1
134,188,1
134,189,1
135,136,1
135,142,1
135,171,1
135,190,1
135,196,1
135,198,1
135,199,1
135,200,1
135,204,1
135,205,1
135,206,1
135,209,1
135,214,1
135,217,1
135,269,1
135,285,1
135,294,1
136,142,1
136,171,1
136,172,1
136,190,2
136,196,1
136,198,1
136,199,1
136,200,1
136,204,1
136,205,1
136,206,1
136,207,2
136,209,2
136,214,1
136,217,2
136,218,1
136,219,1
136,220,1
136,221,1
136,222,1
136,223,1
136,230,1
136,262,1
136,269,6
136,285,1
136,328,1
136,329,1
136,330,1
136,331,1
138,140,4
139,171,1
139,214,1
142,171,1
142,190,1
142,196,1
142,198,1
142,199,1
142,200,1
142,204,1
142,205,1
142,206,1
142,209,1
142,214,1
142,217,1
142,269,1
142,285,1
145,146,1
147,148,1
147,149,1
147,150,1
147,151,1
147,152,1
147,154,1
147,155,1
147,156,1
147,157,1
147,158,1
147,159,1
147,160,1
147,161,1
147,162,1
147,173,1
147,174,1
147,176,1
147,177,1
147,178,1
147,180,1
147,181,1
147,182,1
147,183,1
147,184,1
147,185,1
147,186,1
147,187,1
147,188,1
147,189,1
148,149,1
148,150,1
148,151,1
148,152,1
148,154,1
148,155,1
148,156,1
148,157,1
148,158,1
148,159,1
148,160,1
148,161,1
148,162,1
148,173,1
148,174,1
148,176,1
148,177,1
148,178,1
148,180,1
148,181,1
148,182,1
148,183,1
148,184,1
148,185,1
148,186,1
148,187,1
148,188,1
148,189,1
149,150,1
149,151,1
149,152,1
149,154,1
149,155,1
149,156,1
149,157,1
149,158,1
149,159,1
149,160,1
149,161,1
149,162,1
149,173,1
149,174,1
149,176,1
149,177,1
149,178,1
149,180,1
149,181,1
149,182,1
149,183,1
149,184,1
149,185,1
149,186,1
149,187,1
149,188,1
149,189,1
150,151,1
150,152,1
150,154,1
150,155,1
150,156,1
150,157,1
150,158,1
150,159,1
150,160,1
150,161,1
150,162,1
150,173,1
150,174,1
150,176,1
150,177,1
150,178,1
150,180,1
150,181,1
150,182,1
150,183,1
150,184,1
150,185,1
150,186,1
150,187,1
150,188,1
150,189,1
151,152,1
151,154,1
151,155,1
151,156,1
151,157,1
151,158,1
151,159,1
151,160,1
151,161,1
151,162,1
151,173,1
151,174,1
151,176,1
151,177,1
151,178,1
151,180,1
151,181,1
151,182,1
151,183,1
151,184,1
151,185,1
151,186,1
151,187,1
151,188,1
151,189,1
152,154,1
152,155,1
152,156,1
152,157,1
152,158,1
152,159,1
152,160,1
152,161,1
152,162,1
152,173,1
152,174,1
152,176,1
152,177,1
152,178,1
152,180,1
152,181,1
152,182,1
152,183,1
152,184,1
152,185,1
152,186,1
152,187,1
152,188,1
152,189,1
153,168,1
154,155,1
154,156,1
154,157,1
154,158,1
154,159,1
154,160,1
154,161,1
154,162,1
154,173,1
154,174,1
154,176,1
154,177,1
154,178,1
154,180,1
154,181,1
154,182,1
154,183,1
154,184,1
154,185,1
154,186,1
154,187,1
154,188,1
154,189,1
155,156,1
155,157,1
155,158,1
155,159,1
155,160,1
155,161,1
155,162,1
155,173,1
155,174,1
155,176,1
155,177,1
155,178,1
155,180,1
155,181,1
155,182,1
155,183,1
155,184,1
155,185,1
155,186,1
155,187,1
155,188,1
155,189,1
156,157,1
156,158,1
156,159,1
156,160,1
156,161,1
156,162,1
156,173,1
156,174,1
156,176,1
156,177,1
156,178,1
156,180,1
156,181,1
156,182,1
156,183,1
156,184,1
156,185,1
156,186,1
156,187,1
156,188,1
156,189,1
157,158,1
157,159,1
157,160,1
157,161,1
157,162,1
157,173,1
157,174,1
157,176,1
157,177,1
157,178,1
157,180,1
157,181,1
157,182,1
157,183,1
157,184,1
157,185,1
157,186,1
157,187,1
157,188,1
157,189,1
158,159,1
158,160,1
158,161,1
158,162,1
158,173,1
158,174,1
158,176,1
158,177,1
158,178,1
158,180,1
158,181,1
158,182,1
158,183,1
158,184,1
158,185,1
158,186,1
158,187,1
158,188,1
158,189,1
159,160,1
159,161,1
159,162,1
159,173,1
159,174,1
159,176,1
159,177,1
159,178,1
159,180,1
159,181,1
159,182,1
159,183,1
159,184,1
159,185,1
159,186,1
159,187,1
159,188,1
159,189,1
160,161,1
160,162,1
160,173,1
160,174,1
160,176,1
160,177,1
160,178,1
160,180,1
160,181,1
160,182,1
160,183,1
160,184,1
160,185,1
160,186,1
160,187,1
160,188,1
160,189,1
161,162,1
161,173,1
161,174,1
161,176,1
161,177,1
161,178,1
161,180,1
161,181,1
161,182,1
161,183,1
161,184,1
161,185,1
161,186,1
161,187,1
161,188,1
161,189,1
162,173,1
162,174,1
162,176,1
162,177,1
162,178,1
162,180,1
162,181,1
162,182,1
162,183,1
162,184,1
162,185,1
162,186,1
162,187,1
162,188,1
162,189,1
163,211,2
163,212,2
163,213,2
171,190,1
171,196,1
171,198,1
171,199,1
171,200,1
171,204,1
171,205,1
171,206,1
171,207,1
171,209,1
171,214,2
171,217,1
171,269,1
171,285,1
172,197,1
172,207,2
172,254,1
172,266,1
173,174,1
173,176,1
173,177,1
173,178,1
173,180,1
173,181,1
173,182,1
173,183,1
173,184,1
173,185,1
173,186,1
173,187,1
173,188,1
173,189,1
174,176,1
174,177,1
174,178,1
174,180,1
174,181,1
174,182,1
174,183,1
174,184,1
174,185,1
174,186,1
174,187,1
174,188,1
174,189,1
176,177,1
176,178,1
176,180,1
176,181,1
176,182,1
176,183,1
176,184,1
176,185,1
176,186,1
176,187,1
176,188,1
176,189,1
177,178,1
177,180,1
177,181,1
177,182,1
177,183,1
177,184,1
177,185,1
177,186,1
177,187,1
177,188,1
177,189,1
178,180,1
178,181,1
178,182,1
178,183,1
178,184,1
178,185,1
178,186,1
178,187,1
178,188,1
178,189,1
180,181,1
180,182,1
180,183,1
180,184,1
180,185,1
180,186,1
180,187,1
180,188,1
180,189,1
181,182,1
181,183,1
181,184,1
181,185,1
181,186,1
181,187,1
181,188,1
181,189,1
182,183,1
182,184,1
182,185,1
182,186,1
182,187,1
182,188,1
182,189,1
183,184,1
183,185,1
183,186,1
183,187,1
183,188,1
183,189,1
184,185,1
184,186,1
184,187,1
184,188,1
184,189,1
185,186,1
185,187,1
185,188,1
185,189,1
186,187,1
186,188,1
186,189,1
187,188,1
187,189,1
188,189,1
190,196,1
190,198,1
190,199,1
190,200,1
190,204,1
190,205,1
190,206,1
190,209,1
190,214,1
190,217,1
190,262,1
190,269,1
190,285,1
196,198,1
196,199,1
196,200,1
196,204,1
196,205,1
196,206,1
196,209,1
196,214,1
196,217,1
196,269,1
196,285,1
197,266,1
198,199,1
198,200,1
198,204,1
198,205,1
198,206,1
198,209,4
198,214,3
198,217,3
198,269,1
198,272,1
198,285,1
199,200,1
199,204,1
199,205,1
199,206,1
199,209,1
199,214,1
199,217,1
199,269,1
199,285,1
200,204,1
200,205,1
200,206,1
200,209,1
200,214,1
200,217,1
200,269,1
200,285,1
201,207,5
204,205,1
204,206,1
204,209,1
204,214,1
204,217,1
204,269,1
204,285,1
205,206,1
205,209,1
205,214,1
205,217,1
205,269,1
205,285,1
206,209,1
206,214,1
206,217,1
206,269,1
206,285,1
207,296,1
209,214,4
209,217,5
209,269,1
209,285,1
211,212,2
211,213,2
212,213,2
214,217,4
214,269,1
214,285,1
214,294,1
215,286,1
217,269,1
217,285,1
218,219,1
218,220,1
218,221,1
218,222,1
218,223,1
218,230,1
218,269,1
218,328,1
218,329,1
218,330,1
218,331,1
219,220,1
219,221,1
219,222,1
219,223,1
219,230,1
219,269,1
219,328,1
219,329,1
219,330,1
219,331,1
220,221,1
220,222,1
220,223,1
220,230,1
220,269,1
220,328,1
220,329,1
220,330,1
220,331,1
221,222,1
221,223,1
221,230,1
221,269,1
221,328,1
221,329,1
221,330,1
221,331,1
222,223,1
222,230,1
222,269,1
222,328,1
222,329,1
222,330,1
222,331,1
223,230,1
223,269,1
223,328,1
223,329,1
223,330,1
223,331,1
224,299,1
224,300,1
228,272,2
229,265,1
229,268,1
230,269,1
230,328,1
230,329,1
230,330,1
230,331,1
231,232,1
231,233,1
231,234,1
231,235,1
231,236,1
231,237,1
231,238,1
231,239,1
231,240,1
231,241,1
231,242,1
231,243,1
231,244,1
231,245,1
231,246,1
231,247,1
231,248,1
231,249,1
232,233,1
232,234,1
232,235,1
232,236,1
232,237,1
232,238,1
232,239,1
232,240,1
232,241,1
232,242,1
232,243,1
232,244,1
232,245,1
232,246,1
232,247,1
232,248,1
232,249,1
233,234,1
233,235,1
233,236,1
233,237,1
233,238,1
233,239,1
233,240,1
233,241,1
233,242,1
233,243,1
233,244,1
233,245,1
233,246,1
233,247,1
233,248,1
233,249,1
234,235,1
234,236,1
234,237,1
234,238,1
234,239,1
234,240,1
234,241,1
234,242,1
234,243,1
234,244,1
234,245,1
234,246,1
234,247,1
234,248,1
234,249,1
235,236,1
235,237,1
235,238,1
235,239,1
235,240,1
235,241,1
235,242,1
235,243,1
235,244,1
235,245,1
235,246,1
235,247,1
235,248,1
235,249,1
236,237,1
236,238,1
236,239,1
236,240,1
236,241,1
236,242,1
236,243,1
236,244,1
236,245,1
236,246,1
236,247,1
236,248,1
236,249,1
237,238,1
237,239,1
237,240,1
237,241,1
237,242,1
237,243,1
237,244,1
237,245,1
237,246,1
237,247,1
237,248,1
237,249,1
238,239,1
238,240,1
238,241,1
238,242,1
238,243,1
238,244,1
238,245,1
238,246,1
238,247,1
238,248,1
238,249,1
239,240,1
239,241,1
239,242,1
239,243,1
239,244,1
239,245,1
239,246,1
239,247,1
239,248,1
239,249,1
240,241,1
240,242,1
240,243,1
240,244,1
240,245,1
240,246,1
240,247,1
240,248,1
240,249,1
241,242,1
241,243,1
241,244,1
241,245,1
241,246,1
241,247,1
241,248,1
241,249,1
242,243,1
242,244,1
242,245,1
242,246,1
242,247,1
242,248,1
242,249,1
243,244,1
243,245,1
243,246,1
243,247,1
243,248,1
243,249,1
244,245,1
244,246,1
244,247,1
244,248,1
244,249,1
245,246,1
245,247,1
245,248,1
245,249,1
246,247,1
246,248,1
246,249,1
247,248,1
247,249,1
248,249,1
257,258,1
257,259,1
257,260,1
257,276,1
257,277,1
257,278,1
257,279,1
257,280,1
257,283,1
257,284,1
258,259,1
258,260,1
258,276,1
258,277,1
258,278,1
258,279,1
258,280,1
258,283,1
258,284,1
259,260,1
259,276,1
259,277,1
259,278,1
259,279,1
259,280,1
259,283,1
259,284,1
260,276,1
260,277,1
260,278,1
260,279,1
260,280,1
260,283,1
260,284,1
261,272,1
265,268,1
267,270,1
267,271,1
267,333,1
269,285,1
269,328,1
269,329,1
269,330,1
269,331,1
270,271,1
270,333,1
271,333,1
276,277,1
276,278,1
276,279,1
276,280,1
276,283,1
276,284,1
277,278,1
277,279,1
277,280,1
277,283,1
277,284,1
278,279,1
278,280,1
278,283,1
278,284,1
279,280,1
279,283,1
279,284,1
280,283,1
280,284,1
283,284,1
288,289,1
288,290,1
289,290,1
296,334,1
299,300,1
307,308,1
307,309,1
307,310,1
307,311,1
307,312,1
307,313,1
307,314,1
307,315,1
307,316,1
307,317,1
307,318,1
307,319,1
307,320,1
307,321,1
307,322,1
307,323,1
307,324,1
307,325,1
307,326,1
308,309,1
308,310,1
308,311,1
308,312,1
308,313,1
308,314,1
308,315,1
308,316,1
308,317,1
308,318,1
308,319,1
308,320,1
308,321,1
308,322,1
308,323,1
308,324,1
308,325,1
308,326,1
309,310,1
309,311,1
309,312,1
309,313,1
309,314,1
309,315,1
309,316,1
309,317,1
309,318,1
309,319,1
309,320,1
309,321,1
309,322,1
309,323,1
309,324,1
309,325,1
309,326,1
310,311,1
310,312,1
310,313,1
310,314,1
310,315,1
310,316,1
310,317,1
310,318,1
310,319,1
310,320,1
310,321,1
310,322,1
310,323,1
310,324,1
310,325,1
310,326,1
311,312,1
311,313,1
311,314,1
311,315,1
311,316,1
311,317,1
311,318,1
311,319,1
311,320,1
311,321,1
311,322,1
311,323,1
311,324,1
311,325,1
311,326,1
312,313,1
312,314,1
312,315,1
312,316,1
312,317,1
312,318,1
312,319,1
312,320,1
312,321,1
312,322,1
312,323,1
312,324,1
312,325,1
312,326,1
313,314,1
313,315,1
313,316,1
313,317,1
313,318,1
313,319,1
313,320,1
313,321,1
313,322,1
313,323,1
313,324,1
313,325,1
313,326,1
314,315,1
314,316,1
314,317,1
314,318,1
314,319,1
314,320,1
314,321,1
314,322,1
314,323,1
314,324,1
314,325,1
314,326,1
315,316,1
315,317,1
315,318,1
315,319,1
315,320,1
315,321,1
315,322,1
315,323,1
315,324,1
315,325,1
315,326,1
316,317,1
316,318,1
316,319,1
316,320,1
316,321,1
316,322,1
316,323,1
316,324,1
316,325,1
316,326,1
317,318,1
317,319,1
317,320,1
317,321,1
317,322,1
317,323,1
317,324,1
317,325,1
317,326,1
318,319,1
318,320,1
318,321,1
318,322,1
318,323,1
318,324,1
318,325,1
318,326,1
319,320,1
319,321,1
319,322,1
319,323,1
319,324,1
319,325,1
319,326,1
320,321,1
320,322,1
320,323,1
320,324,1
320,325,1
320,326,1
321,322,1
321,323,1
321,324,1
321,325,1
321,326,1
322,323,1
322,324,1
322,325,1
322,326,1
323,324,1
323,325,1
323,326,1
324,325,1
324,326,1
325,326,1
328,329,1
328,330,1
328,331,1
329,330,1
329,331,1
330,331,1
